k,inertia,silhouette,calinski_harabasz,davies_bouldin,min_cluster_share,max_cluster_share,time_s
2,289656.40625,0.26243314146995544,822.1029356082515,1.741070714902005,0.16626666666666667,0.8337333333333333,3.32
3,261150.65625,0.1328485906124115,714.5022486167259,2.178640561904126,0.15653333333333333,0.4474,1.14
4,228486.1875,0.1443280428647995,776.1611155035251,1.794065928076213,0.0228,0.4342,2.74
5,210420.0625,0.14684684574604034,742.0701329570579,1.7306847137863066,0.0226,0.3422,3.25
6,198502.921875,0.1381434053182602,687.6294191379191,1.7318889704394798,0.0218,0.2637333333333333,3.68
7,189034.765625,0.15856659412384033,643.7853826353809,1.5337845244791417,0.013733333333333334,0.3197333333333333,4.95
8,181924.453125,0.1334458738565445,596.3471044476422,1.7803986601599289,0.013466666666666667,0.25806666666666667,6.14
9,170237.390625,0.14152276515960693,601.9296375458883,1.5591605642814155,0.013466666666666667,0.2148,7.7
10,163682.515625,0.13909152150154114,578.2864159268318,1.5200711924136006,0.013333333333333334,0.1656,5.29
