population,applications,population_base,share_of_base,feature,mean,std,mode,mode_share,in_mining_matrix,base_note
Historical Card-Use Intensity,54518,356255,0.1530308346549522,AMT_INCOME_TOTAL,179963.7611016545,84385.5347145387,,,True,All applications in the portfolio
Historical Card-Use Intensity,54518,356255,0.1530308346549522,AMT_CREDIT,615153.5334384973,367361.3197823894,,,True,All applications in the portfolio
Historical Card-Use Intensity,54518,356255,0.1530308346549522,AMT_ANNUITY,27772.32514949191,13152.236051769069,,,True,All applications in the portfolio
Historical Card-Use Intensity,54518,356255,0.1530308346549522,CREDIT_TO_INCOME,3.8047139748548835,2.440642881926004,,,True,All applications in the portfolio
Historical Card-Use Intensity,54518,356255,0.1530308346549522,ANNUITY_TO_INCOME,0.17203537191248555,0.08560652455601986,,,True,All applications in the portfolio
Historical Card-Use Intensity,54518,356255,0.1530308346549522,CREDIT_TO_ANNUITY,21.899275523019934,7.659403107813201,,,True,All applications in the portfolio
Historical Card-Use Intensity,54518,356255,0.1530308346549522,YEARS_EMPLOYED,6.973540792027966,6.387611692068948,,,True,All applications in the portfolio
Historical Card-Use Intensity,54518,356255,0.1530308346549522,FLAG_SENTINEL_EMPLOYED,0.14455776073957224,0.3516576216261519,0.0,0.8554422392604277,True,All applications in the portfolio
Historical Card-Use Intensity,54518,356255,0.1530308346549522,NAME_CONTRACT_TYPE,0.98842584100664,0.10695984145176474,1.0,0.98842584100664,True,All applications in the portfolio
Historical Card-Use Intensity,54518,356255,0.1530308346549522,OWN_CAR_AGE,3.9134047470560183,8.421796132991508,,,True,All applications in the portfolio
Historical Card-Use Intensity,54518,356255,0.1530308346549522,FLAG_NO_CAR,0.6708976851682014,0.4698915100388142,1.0,0.6708976851682014,True,All applications in the portfolio
Historical Card-Use Intensity,54518,356255,0.1530308346549522,FLAG_NO_HOUSING_DATA,0.47021167320884844,0.4991164443655061,0.0,0.5297883267911515,True,All applications in the portfolio
Historical Card-Use Intensity,54518,356255,0.1530308346549522,EXT_SOURCE_1,0.5093428298036319,0.14249164899430647,,,True,All applications in the portfolio
Historical Card-Use Intensity,54518,356255,0.1530308346549522,EXT_SOURCE_2,0.517750538712333,0.19032497737018633,,,True,All applications in the portfolio
Historical Card-Use Intensity,54518,356255,0.1530308346549522,EXT_SOURCE_3,0.4909242897702002,0.17649522877338056,,,True,All applications in the portfolio
Historical Card-Use Intensity,54518,356255,0.1530308346549522,FLAG_EXT_SOURCE_1_MISSING,0.5170219010235152,0.49971475393101294,1.0,0.5170219010235152,True,All applications in the portfolio
Historical Card-Use Intensity,54518,356255,0.1530308346549522,FLAG_EXT_SOURCE_2_MISSING,0.00027513848637147366,0.016585168996261754,0.0,0.9997248615136285,True,All applications in the portfolio
Historical Card-Use Intensity,54518,356255,0.1530308346549522,FLAG_EXT_SOURCE_3_MISSING,0.17087934260244322,0.3764069495760113,0.0,0.8291206573975568,True,All applications in the portfolio
Historical Card-Use Intensity,54518,356255,0.1530308346549522,AMT_REQ_CREDIT_BUREAU_YEAR,2.5888147034007116,1.8406513767695087,1.0,0.2830257896474559,True,All applications in the portfolio
Historical Card-Use Intensity,54518,356255,0.1530308346549522,FLAG_NO_BUREAU,0.1242158553138413,0.32983067179770614,0.0,0.8757841446861587,True,All applications in the portfolio
Historical Card-Use Intensity,54518,356255,0.1530308346549522,BUREAU_COUNT,5.465039069665065,4.957620468086723,,,True,All applications in the portfolio
Historical Card-Use Intensity,54518,356255,0.1530308346549522,BUREAU_ACTIVE_RATIO,0.38202886915059664,0.3136327997383012,,,True,All applications in the portfolio
Historical Card-Use Intensity,54518,356255,0.1530308346549522,BUREAU_DEBT_TO_CREDIT_RATIO,0.27740398335299915,0.29604057514490795,,,True,All applications in the portfolio
Historical Card-Use Intensity,54518,356255,0.1530308346549522,BUREAU_DAYS_CREDIT_MEAN,-970.1942011358161,626.9209352180068,,,True,All applications in the portfolio
Historical Card-Use Intensity,54518,356255,0.1530308346549522,BUREAU_BB_DPD_RATIO_MEAN,0.0068455697439491585,0.03065858670950742,,,True,All applications in the portfolio
Historical Card-Use Intensity,54518,356255,0.1530308346549522,BUREAU_BB_SEVERE_DPD_MEAN,0.0007625541298282171,0.01454824044077992,,,True,All applications in the portfolio
Historical Card-Use Intensity,54518,356255,0.1530308346549522,PREV_COUNT,6.62953519938369,4.327256042995216,,,True,All applications in the portfolio
Historical Card-Use Intensity,54518,356255,0.1530308346549522,PREV_APPROVAL_RATE,0.6734770866585322,0.25444868446863866,,,True,All applications in the portfolio
Historical Card-Use Intensity,54518,356255,0.1530308346549522,PREV_REFUSED_COUNT,1.185223229025276,1.9847059812760606,,,True,All applications in the portfolio
Historical Card-Use Intensity,54518,356255,0.1530308346549522,INST_DPD_MEAN,0.4671278075632968,0.7840782005967479,,,True,All applications in the portfolio
Historical Card-Use Intensity,54518,356255,0.1530308346549522,INST_DPD_MAX,14.584834366631204,31.510591068241958,,,True,All applications in the portfolio
Historical Card-Use Intensity,54518,356255,0.1530308346549522,INST_COUNT,99.62269342235592,52.71304966791324,,,True,All applications in the portfolio
Historical Card-Use Intensity,54518,356255,0.1530308346549522,INST_LATE_RATIO,0.06594086198077247,0.07569693710107424,,,True,All applications in the portfolio
Historical Card-Use Intensity,54518,356255,0.1530308346549522,INST_SEVERE_LATE_RATIO,0.0013645738214508789,0.005612702078588374,,,True,All applications in the portfolio
Historical Card-Use Intensity,54518,356255,0.1530308346549522,INST_PAYMENT_RATIO_MEAN,1.1144425867308578,6.454571932803295,,,True,All applications in the portfolio
Historical Card-Use Intensity,54518,356255,0.1530308346549522,POS_SK_DPD_MEAN,2.168757920743672,44.22230337156845,,,True,All applications in the portfolio
Historical Card-Use Intensity,54518,356255,0.1530308346549522,POS_MONTHS_COUNT,35.770296049011336,27.3480032619396,,,True,All applications in the portfolio
Historical Card-Use Intensity,54518,356255,0.1530308346549522,CC_UTILIZATION_MEAN,0.5504968771658973,0.26208245240059186,,,True,All applications in the portfolio
Historical Card-Use Intensity,54518,356255,0.1530308346549522,CC_UTILIZATION_MAX,1.0081245146112712,0.12798940899394606,,,True,All applications in the portfolio
Historical Card-Use Intensity,54518,356255,0.1530308346549522,CC_SK_DPD_MEAN,4.8946334686606425,51.53741340712082,,,True,All applications in the portfolio
Historical Card-Use Intensity,54518,356255,0.1530308346549522,CC_AMT_BALANCE_MEAN,123541.07710016576,123474.32621907453,,,True,All applications in the portfolio
Historical Card-Use Intensity,54518,356255,0.1530308346549522,CC_MONTHS_COUNT,49.57874463479951,35.38680353459622,,,True,All applications in the portfolio
Historical Card-Use Intensity,54518,356255,0.1530308346549522,GOODS_TO_CREDIT,0.882582512663769,0.09457343402226237,,,False,All applications in the portfolio
Historical Card-Use Intensity,54518,356255,0.1530308346549522,YEARS_BIRTH,44.1544789279097,10.461098360638331,,,False,All applications in the portfolio
Historical Card-Use Intensity,54518,356255,0.1530308346549522,CNT_CHILDREN,0.4092776697604461,0.729857741387526,0.0,0.7110128764811622,False,All applications in the portfolio
Historical Card-Use Intensity,54518,356255,0.1530308346549522,REGION_RATING_CLIENT_W_CITY,1.9957628673098793,0.5145144837919958,2.0,0.7352617484133681,False,All applications in the portfolio
Historical Card-Use Intensity,54518,356255,0.1530308346549522,NAME_EDUCATION_TYPE,1.4673869180821013,0.8466591420270805,1.0,0.734491360651528,False,All applications in the portfolio
Historical Card-Use Intensity,54518,356255,0.1530308346549522,NAME_INCOME_TYPE_FREQ,0.3609406450844699,0.1651970934211679,0.51453876,0.5221578194357827,False,All applications in the portfolio
Historical Card-Use Intensity,54518,356255,0.1530308346549522,ORGANIZATION_TYPE_FREQ,0.14052781200863937,0.0985020440004063,0.27434,0.2881250229282072,False,All applications in the portfolio
Historical Card-Use Intensity,54518,356255,0.1530308346549522,DEF_30_CNT_SOCIAL_CIRCLE_BIN,0.15180307421402106,0.4252706255701751,0.0,0.8742433691624785,False,All applications in the portfolio
Historical Card-Use Intensity,54518,356255,0.1530308346549522,CODE_GENDER,0.6737591254264647,0.46884090931081707,1.0,0.6737591254264647,False,All applications in the portfolio
Historical Card-Use Intensity,54518,356255,0.1530308346549522,SOURCE_EXT_SOURCE_1,0.5127555658142853,0.20498098006258397,,,False,All applications in the portfolio
Historical Card-Use Intensity,54518,356255,0.1530308346549522,SOURCE_EXT_SOURCE_2,0.517737576507169,0.19034956202065575,,,False,All applications in the portfolio
Historical Card-Use Intensity,54518,356255,0.1530308346549522,SOURCE_EXT_SOURCE_3,0.4821533464181682,0.19266691695323768,,,False,All applications in the portfolio
Historical Card-Use Intensity,54518,356255,0.1530308346549522,SOURCE_AMT_INCOME_TOTAL,181875.46457573646,99339.98565717641,,,False,All applications in the portfolio
Historical Card-Use Intensity,54518,356255,0.1530308346549522,SOURCE_AMT_REQ_CREDIT_BUREAU_MON,0.25505337686635604,0.9658824268299568,0.0,0.8542499724861513,False,All applications in the portfolio
Historical Card-Use Intensity,54518,356255,0.1530308346549522,SOURCE_AMT_REQ_CREDIT_BUREAU_QRT,0.2942881250229282,0.6370163089800478,0.0,0.7864925345757364,False,All applications in the portfolio
Historical Card-Use Intensity,54518,356255,0.1530308346549522,SOURCE_AMT_REQ_CREDIT_BUREAU_YEAR,2.5981327268058254,1.8756903574011758,,,False,All applications in the portfolio
Historical Card-Use Intensity,54518,356255,0.1530308346549522,SOURCE_AMT_CREDIT,615153.5334384973,367361.3197823894,,,False,All applications in the portfolio
Historical Card-Use Intensity,54518,356255,0.1530308346549522,SOURCE_AMT_ANNUITY,27772.32514949191,13152.236051769069,,,False,All applications in the portfolio
Historical Card-Use Intensity,54518,356255,0.1530308346549522,SOURCE_AMT_GOODS_PRICE,544394.1517755603,335725.69204515906,,,False,All applications in the portfolio
History-Rich Credit User,51426,356255,0.14435165822234075,AMT_INCOME_TOTAL,188749.57691634583,86922.42314368303,,,True,All applications in the portfolio
History-Rich Credit User,51426,356255,0.14435165822234075,AMT_CREDIT,524917.4355967798,310349.96469151886,,,True,All applications in the portfolio
History-Rich Credit User,51426,356255,0.14435165822234075,AMT_ANNUITY,27155.287801890096,13249.562695518382,,,True,All applications in the portfolio
History-Rich Credit User,51426,356255,0.14435165822234075,CREDIT_TO_INCOME,3.0286880947925097,1.754104140673263,,,True,All applications in the portfolio
History-Rich Credit User,51426,356255,0.14435165822234075,ANNUITY_TO_INCOME,0.15763818116266295,0.07422108187606759,,,True,All applications in the portfolio
History-Rich Credit User,51426,356255,0.14435165822234075,CREDIT_TO_ANNUITY,19.544764897700784,7.09349307622283,,,True,All applications in the portfolio
History-Rich Credit User,51426,356255,0.14435165822234075,YEARS_EMPLOYED,6.99227992141025,6.439848365326915,,,True,All applications in the portfolio
History-Rich Credit User,51426,356255,0.14435165822234075,FLAG_SENTINEL_EMPLOYED,0.21907206471434681,0.4136215927063112,0.0,0.7809279352856532,True,All applications in the portfolio
History-Rich Credit User,51426,356255,0.14435165822234075,NAME_CONTRACT_TYPE,0.9265935518998172,0.2608050308955597,1.0,0.9265935518998172,True,All applications in the portfolio
History-Rich Credit User,51426,356255,0.14435165822234075,OWN_CAR_AGE,3.937677439427527,8.706681653730888,,,True,All applications in the portfolio
History-Rich Credit User,51426,356255,0.14435165822234075,FLAG_NO_CAR,0.6535215649671372,0.47585242693856705,1.0,0.6535215649671372,True,All applications in the portfolio
History-Rich Credit User,51426,356255,0.14435165822234075,FLAG_NO_HOUSING_DATA,0.4578228911445572,0.4982227597621549,0.0,0.5421771088554428,True,All applications in the portfolio
History-Rich Credit User,51426,356255,0.14435165822234075,EXT_SOURCE_1,0.5086419937401617,0.1405373937976417,,,True,All applications in the portfolio
History-Rich Credit User,51426,356255,0.14435165822234075,EXT_SOURCE_2,0.5125856598183611,0.18826696714600627,,,True,All applications in the portfolio
History-Rich Credit User,51426,356255,0.14435165822234075,EXT_SOURCE_3,0.4594833662997517,0.18788127856364745,,,True,All applications in the portfolio
History-Rich Credit User,51426,356255,0.14435165822234075,FLAG_EXT_SOURCE_1_MISSING,0.5507525376268814,0.4974223469892311,1.0,0.5507525376268814,True,All applications in the portfolio
History-Rich Credit User,51426,356255,0.14435165822234075,FLAG_EXT_SOURCE_2_MISSING,0.0007778166686112084,0.02787878733625125,0.0,0.9992221833313888,True,All applications in the portfolio
History-Rich Credit User,51426,356255,0.14435165822234075,FLAG_EXT_SOURCE_3_MISSING,0.0934352273169214,0.2910442110245004,0.0,0.9065647726830786,True,All applications in the portfolio
History-Rich Credit User,51426,356255,0.14435165822234075,AMT_REQ_CREDIT_BUREAU_YEAR,3.6345428382530236,2.079637594649084,3.0,0.18673433671683584,True,All applications in the portfolio
History-Rich Credit User,51426,356255,0.14435165822234075,FLAG_NO_BUREAU,0.050752537626881346,0.21949408735972648,0.0,0.9492474623731186,True,All applications in the portfolio
History-Rich Credit User,51426,356255,0.14435165822234075,BUREAU_COUNT,6.958270135729009,5.554332242879708,,,True,All applications in the portfolio
History-Rich Credit User,51426,356255,0.14435165822234075,BUREAU_ACTIVE_RATIO,0.38081575528194306,0.28442105677412777,,,True,All applications in the portfolio
History-Rich Credit User,51426,356255,0.14435165822234075,BUREAU_DEBT_TO_CREDIT_RATIO,0.2834782131723936,0.2786681077821086,,,True,All applications in the portfolio
History-Rich Credit User,51426,356255,0.14435165822234075,BUREAU_DAYS_CREDIT_MEAN,-1034.8710520843972,561.3941000472386,,,True,All applications in the portfolio
History-Rich Credit User,51426,356255,0.14435165822234075,BUREAU_BB_DPD_RATIO_MEAN,0.009632956982071854,0.03992537172188126,,,True,All applications in the portfolio
History-Rich Credit User,51426,356255,0.14435165822234075,BUREAU_BB_SEVERE_DPD_MEAN,0.0014617398165473357,0.019899825494565527,,,True,All applications in the portfolio
History-Rich Credit User,51426,356255,0.14435165822234075,PREV_COUNT,10.770135729008672,5.124540885709371,,,True,All applications in the portfolio
History-Rich Credit User,51426,356255,0.14435165822234075,PREV_APPROVAL_RATE,0.5116614930563692,0.22489082713892275,,,True,All applications in the portfolio
History-Rich Credit User,51426,356255,0.14435165822234075,PREV_REFUSED_COUNT,2.936082915256874,3.105999352774415,,,True,All applications in the portfolio
History-Rich Credit User,51426,356255,0.14435165822234075,INST_DPD_MEAN,0.616547834656246,1.0977458623509961,,,True,All applications in the portfolio
History-Rich Credit User,51426,356255,0.14435165822234075,INST_DPD_MAX,11.063178158907945,26.29099109245343,,,True,All applications in the portfolio
History-Rich Credit User,51426,356255,0.14435165822234075,INST_COUNT,55.45241706529771,35.11456243752136,,,True,All applications in the portfolio
History-Rich Credit User,51426,356255,0.14435165822234075,INST_LATE_RATIO,0.09101923107555122,0.10753146805356206,,,True,All applications in the portfolio
History-Rich Credit User,51426,356255,0.14435165822234075,INST_SEVERE_LATE_RATIO,0.00156803601446805,0.006966649623957395,,,True,All applications in the portfolio
History-Rich Credit User,51426,356255,0.14435165822234075,INST_PAYMENT_RATIO_MEAN,1.7708639402360837,40.68031124976696,,,True,All applications in the portfolio
History-Rich Credit User,51426,356255,0.14435165822234075,POS_SK_DPD_MEAN,4.699266133157951,72.57772835598848,,,True,All applications in the portfolio
History-Rich Credit User,51426,356255,0.14435165822234075,POS_MONTHS_COUNT,53.309687706607555,32.372091040571185,,,True,All applications in the portfolio
History-Rich Credit User,51426,356255,0.14435165822234075,CC_UTILIZATION_MEAN,0.01842296918790184,0.07940171871299351,,,True,All applications in the portfolio
History-Rich Credit User,51426,356255,0.14435165822234075,CC_UTILIZATION_MAX,0.05879233983872948,0.20931914107893226,,,True,All applications in the portfolio
History-Rich Credit User,51426,356255,0.14435165822234075,CC_SK_DPD_MEAN,0.011440481779516048,1.008014857713872,,,True,All applications in the portfolio
History-Rich Credit User,51426,356255,0.14435165822234075,CC_AMT_BALANCE_MEAN,3570.022538546438,16321.56473368017,,,True,All applications in the portfolio
History-Rich Credit User,51426,356255,0.14435165822234075,CC_MONTHS_COUNT,7.393244662233112,16.991677114566738,,,True,All applications in the portfolio
History-Rich Credit User,51426,356255,0.14435165822234075,GOODS_TO_CREDIT,0.9002996375621702,0.10426572948390775,,,False,All applications in the portfolio
History-Rich Credit User,51426,356255,0.14435165822234075,YEARS_BIRTH,45.811950673637185,12.146129962140034,,,False,All applications in the portfolio
History-Rich Credit User,51426,356255,0.14435165822234075,CNT_CHILDREN,0.3715630225955742,0.7009705579939894,0.0,0.7350367518375919,False,All applications in the portfolio
History-Rich Credit User,51426,356255,0.14435165822234075,REGION_RATING_CLIENT_W_CITY,2.031093221327733,0.4856978688620635,2.0,0.7631353789911718,False,All applications in the portfolio
History-Rich Credit User,51426,356255,0.14435165822234075,NAME_EDUCATION_TYPE,1.4789989499474974,0.8547822958393413,1.0,0.7291253451561467,False,All applications in the portfolio
History-Rich Credit User,51426,356255,0.14435165822234075,NAME_INCOME_TYPE_FREQ,0.3471223949858381,0.16588366540787164,0.51453876,0.4826741337066853,False,All applications in the portfolio
History-Rich Credit User,51426,356255,0.14435165822234075,ORGANIZATION_TYPE_FREQ,0.143955902402034,0.09503168933740735,0.27434,0.26395208649321356,False,All applications in the portfolio
History-Rich Credit User,51426,356255,0.14435165822234075,DEF_30_CNT_SOCIAL_CIRCLE_BIN,0.1517131412126162,0.42572444641269036,0.0,0.8745576167697274,False,All applications in the portfolio
History-Rich Credit User,51426,356255,0.14435165822234075,CODE_GENDER,0.6786839341967098,0.4669863940677119,1.0,0.6786839341967098,False,All applications in the portfolio
History-Rich Credit User,51426,356255,0.14435165822234075,SOURCE_EXT_SOURCE_1,0.5116911450601637,0.2096384109425209,,,False,All applications in the portfolio
History-Rich Credit User,51426,356255,0.14435165822234075,SOURCE_EXT_SOURCE_2,0.5125449767658327,0.18833458064309222,,,False,All applications in the portfolio
History-Rich Credit User,51426,356255,0.14435165822234075,SOURCE_EXT_SOURCE_3,0.45185672472222904,0.19574230691013728,,,False,All applications in the portfolio
History-Rich Credit User,51426,356255,0.14435165822234075,SOURCE_AMT_INCOME_TOTAL,191257.92745887293,105574.70684512697,,,False,All applications in the portfolio
History-Rich Credit User,51426,356255,0.14435165822234075,SOURCE_AMT_REQ_CREDIT_BUREAU_MON,0.26021856648387975,0.9135692384239472,0.0,0.8418893166880567,False,All applications in the portfolio
History-Rich Credit User,51426,356255,0.14435165822234075,SOURCE_AMT_REQ_CREDIT_BUREAU_QRT,0.39935052308170965,1.3696873824591818,0.0,0.7320810484968693,False,All applications in the portfolio
History-Rich Credit User,51426,356255,0.14435165822234075,SOURCE_AMT_REQ_CREDIT_BUREAU_YEAR,3.66306926457434,2.1594351029777163,,,False,All applications in the portfolio
History-Rich Credit User,51426,356255,0.14435165822234075,SOURCE_AMT_CREDIT,524917.4355967798,310349.96469151886,,,False,All applications in the portfolio
History-Rich Credit User,51426,356255,0.14435165822234075,SOURCE_AMT_ANNUITY,27155.287801890096,13249.562695518382,,,False,All applications in the portfolio
History-Rich Credit User,51426,356255,0.14435165822234075,SOURCE_AMT_GOODS_PRICE,472126.7930521526,286288.6548957519,,,False,All applications in the portfolio
Larger-Loan Affordability,122395,356255,0.34356009038469637,AMT_INCOME_TOTAL,179746.54399640506,89685.76913465795,,,True,All applications in the portfolio
Larger-Loan Affordability,122395,356255,0.34356009038469637,AMT_CREDIT,906336.6925650558,376102.62013502454,,,True,All applications in the portfolio
Larger-Loan Affordability,122395,356255,0.34356009038469637,AMT_ANNUITY,37225.97816904285,14708.848517978864,,,True,All applications in the portfolio
Larger-Loan Affordability,122395,356255,0.34356009038469637,CREDIT_TO_INCOME,5.8101588471539785,2.8129693357969296,,,True,All applications in the portfolio
Larger-Loan Affordability,122395,356255,0.34356009038469637,ANNUITY_TO_INCOME,0.23674308866707344,0.10261926466300009,,,True,All applications in the portfolio
Larger-Loan Affordability,122395,356255,0.34356009038469637,CREDIT_TO_ANNUITY,25.39067326555864,7.58166172898206,,,True,All applications in the portfolio
Larger-Loan Affordability,122395,356255,0.34356009038469637,YEARS_EMPLOYED,7.196168053894698,6.838505531531866,,,True,All applications in the portfolio
Larger-Loan Affordability,122395,356255,0.34356009038469637,FLAG_SENTINEL_EMPLOYED,0.16813595326606479,0.37398849880651597,0.0,0.8318640467339352,True,All applications in the portfolio
Larger-Loan Affordability,122395,356255,0.34356009038469637,NAME_CONTRACT_TYPE,0.9771886106458597,0.1493024179143088,1.0,0.9771886106458597,True,All applications in the portfolio
Larger-Loan Affordability,122395,356255,0.34356009038469637,OWN_CAR_AGE,4.399722210874628,9.052577759817753,,,True,All applications in the portfolio
Larger-Loan Affordability,122395,356255,0.34356009038469637,FLAG_NO_CAR,0.6207443114506311,0.4852038074039006,1.0,0.6207443114506311,True,All applications in the portfolio
Larger-Loan Affordability,122395,356255,0.34356009038469637,FLAG_NO_HOUSING_DATA,0.4697169002001716,0.49908413013996217,0.0,0.5302830997998285,True,All applications in the portfolio
Larger-Loan Affordability,122395,356255,0.34356009038469637,EXT_SOURCE_1,0.5227709612995741,0.13750199702569427,,,True,All applications in the portfolio
Larger-Loan Affordability,122395,356255,0.34356009038469637,EXT_SOURCE_2,0.5413941567051587,0.179963305852309,,,True,All applications in the portfolio
Larger-Loan Affordability,122395,356255,0.34356009038469637,EXT_SOURCE_3,0.5424628702116894,0.1645296559496755,,,True,All applications in the portfolio
Larger-Loan Affordability,122395,356255,0.34356009038469637,FLAG_EXT_SOURCE_1_MISSING,0.541312962130806,0.498292351736365,1.0,0.541312962130806,True,All applications in the portfolio
Larger-Loan Affordability,122395,356255,0.34356009038469637,FLAG_EXT_SOURCE_2_MISSING,0.001985375219575963,0.04451347766451485,0.0,0.998014624780424,True,All applications in the portfolio
Larger-Loan Affordability,122395,356255,0.34356009038469637,FLAG_EXT_SOURCE_3_MISSING,0.1996159973855141,0.3997133427135768,0.0,0.8003840026144858,True,All applications in the portfolio
Larger-Loan Affordability,122395,356255,0.34356009038469637,AMT_REQ_CREDIT_BUREAU_YEAR,1.199256505576208,1.233683257819159,1.0,0.376551329711181,True,All applications in the portfolio
Larger-Loan Affordability,122395,356255,0.34356009038469637,FLAG_NO_BUREAU,0.1434617427182483,0.35054454077780656,0.0,0.8565382572817517,True,All applications in the portfolio
Larger-Loan Affordability,122395,356255,0.34356009038469637,BUREAU_COUNT,4.539441970668737,4.138381544317971,,,True,All applications in the portfolio
Larger-Loan Affordability,122395,356255,0.34356009038469637,BUREAU_ACTIVE_RATIO,0.33172693531738146,0.31257018309709694,,,True,All applications in the portfolio
Larger-Loan Affordability,122395,356255,0.34356009038469637,BUREAU_DEBT_TO_CREDIT_RATIO,0.21457191888988045,0.5725601292204189,,,True,All applications in the portfolio
Larger-Loan Affordability,122395,356255,0.34356009038469637,BUREAU_DAYS_CREDIT_MEAN,-979.2211280777528,653.6881301166173,,,True,All applications in the portfolio
Larger-Loan Affordability,122395,356255,0.34356009038469637,BUREAU_BB_DPD_RATIO_MEAN,0.004565992408159053,0.02598606438572108,,,True,All applications in the portfolio
Larger-Loan Affordability,122395,356255,0.34356009038469637,BUREAU_BB_SEVERE_DPD_MEAN,0.0005534447945339852,0.012900905640861144,,,True,All applications in the portfolio
Larger-Loan Affordability,122395,356255,0.34356009038469637,PREV_COUNT,2.9613464602312187,2.2206835907965683,,,True,All applications in the portfolio
Larger-Loan Affordability,122395,356255,0.34356009038469637,PREV_APPROVAL_RATE,0.7518454812566014,0.31900662588443307,,,True,All applications in the portfolio
Larger-Loan Affordability,122395,356255,0.34356009038469637,PREV_REFUSED_COUNT,0.2564565545978185,0.6456464711576516,0.0,0.8234405000204257,True,All applications in the portfolio
Larger-Loan Affordability,122395,356255,0.34356009038469637,INST_DPD_MEAN,0.3856982730298405,1.0068001185800495,,,True,All applications in the portfolio
Larger-Loan Affordability,122395,356255,0.34356009038469637,INST_DPD_MAX,4.346452060950202,12.710378128352046,,,True,All applications in the portfolio
Larger-Loan Affordability,122395,356255,0.34356009038469637,INST_COUNT,21.163013194983456,18.63571911593702,,,True,All applications in the portfolio
Larger-Loan Affordability,122395,356255,0.34356009038469637,INST_LATE_RATIO,0.05715947100658763,0.10525437931545872,,,True,All applications in the portfolio
Larger-Loan Affordability,122395,356255,0.34356009038469637,INST_SEVERE_LATE_RATIO,0.0008350553557679583,0.00603649521995872,,,True,All applications in the portfolio
Larger-Loan Affordability,122395,356255,0.34356009038469637,INST_PAYMENT_RATIO_MEAN,1.2510727951486365,24.428663810641094,,,True,All applications in the portfolio
Larger-Loan Affordability,122395,356255,0.34356009038469637,POS_SK_DPD_MEAN,1.987717334059367,46.553470859244435,,,True,All applications in the portfolio
Larger-Loan Affordability,122395,356255,0.34356009038469637,POS_MONTHS_COUNT,21.09639282650435,17.235810493544776,,,True,All applications in the portfolio
Larger-Loan Affordability,122395,356255,0.34356009038469637,CC_UTILIZATION_MEAN,0.0051770024518575835,0.03752112034464867,,,True,All applications in the portfolio
Larger-Loan Affordability,122395,356255,0.34356009038469637,CC_UTILIZATION_MAX,0.017975728305054377,0.11158437132828232,,,True,All applications in the portfolio
Larger-Loan Affordability,122395,356255,0.34356009038469637,CC_SK_DPD_MEAN,0.025029438444529917,3.2103185455531484,,,True,All applications in the portfolio
Larger-Loan Affordability,122395,356255,0.34356009038469637,CC_AMT_BALANCE_MEAN,1073.1557797009486,8128.075225794412,,,True,All applications in the portfolio
Larger-Loan Affordability,122395,356255,0.34356009038469637,CC_MONTHS_COUNT,3.1554393561828507,12.25528994726331,,,True,All applications in the portfolio
Larger-Loan Affordability,122395,356255,0.34356009038469637,GOODS_TO_CREDIT,0.8972407951274307,0.08514524882995354,,,False,All applications in the portfolio
Larger-Loan Affordability,122395,356255,0.34356009038469637,YEARS_BIRTH,44.644515763301726,11.09072716206509,,,False,All applications in the portfolio
Larger-Loan Affordability,122395,356255,0.34356009038469637,CNT_CHILDREN,0.42363658646186525,0.7252685745627919,0.0,0.6960333346950447,False,All applications in the portfolio
Larger-Loan Affordability,122395,356255,0.34356009038469637,REGION_RATING_CLIENT_W_CITY,2.004125985538625,0.5253428097062364,2.0,0.7240001634053679,False,All applications in the portfolio
Larger-Loan Affordability,122395,356255,0.34356009038469637,NAME_EDUCATION_TYPE,1.5957596307038686,0.916557211428963,1.0,0.6727317292373054,False,All applications in the portfolio
Larger-Loan Affordability,122395,356255,0.34356009038469637,NAME_INCOME_TYPE_FREQ,0.3513901231660294,0.1678168525628779,0.51453876,0.49896646104824544,False,All applications in the portfolio
Larger-Loan Affordability,122395,356255,0.34356009038469637,ORGANIZATION_TYPE_FREQ,0.1398181475875812,0.09769011774221738,0.27434,0.2765227337718044,False,All applications in the portfolio
Larger-Loan Affordability,122395,356255,0.34356009038469637,DEF_30_CNT_SOCIAL_CIRCLE_BIN,0.1240165039421545,0.3834338701905515,0.0,0.8951754565137465,False,All applications in the portfolio
Larger-Loan Affordability,122395,356255,0.34356009038469637,CODE_GENDER,0.6636218799787573,0.4724719084123564,1.0,0.6636218799787573,False,All applications in the portfolio
Larger-Loan Affordability,122395,356255,0.34356009038469637,SOURCE_EXT_SOURCE_1,0.5423802767160535,0.2012695123520221,,,False,All applications in the portfolio
Larger-Loan Affordability,122395,356255,0.34356009038469637,SOURCE_EXT_SOURCE_2,0.5413474971193137,0.18013917741936872,,,False,All applications in the portfolio
Larger-Loan Affordability,122395,356255,0.34356009038469637,SOURCE_EXT_SOURCE_3,0.5447027940740661,0.18383745372854962,,,False,All applications in the portfolio
Larger-Loan Affordability,122395,356255,0.34356009038469637,SOURCE_AMT_INCOME_TOTAL,183706.68076669797,133014.01706232093,,,False,All applications in the portfolio
Larger-Loan Affordability,122395,356255,0.34356009038469637,SOURCE_AMT_REQ_CREDIT_BUREAU_MON,0.21043343273826545,0.8395566914909968,,,False,All applications in the portfolio
Larger-Loan Affordability,122395,356255,0.34356009038469637,SOURCE_AMT_REQ_CREDIT_BUREAU_QRT,0.2370276563585114,0.5594586890185861,0.0,0.818366763348176,False,All applications in the portfolio
Larger-Loan Affordability,122395,356255,0.34356009038469637,SOURCE_AMT_REQ_CREDIT_BUREAU_YEAR,1.1994362514808612,1.2347531202294397,1.0,0.376551329711181,False,All applications in the portfolio
Larger-Loan Affordability,122395,356255,0.34356009038469637,SOURCE_AMT_CREDIT,906336.6925650558,376102.6201350245,,,False,All applications in the portfolio
Larger-Loan Affordability,122395,356255,0.34356009038469637,SOURCE_AMT_ANNUITY,37225.97816904285,14708.848517978862,,,False,All applications in the portfolio
Larger-Loan Affordability,122395,356255,0.34356009038469637,SOURCE_AMT_GOODS_PRICE,815585.7101229625,356456.9017617681,,,False,All applications in the portfolio
Lower-Intensity Credit Footprint,120294,356255,0.3376626292964309,AMT_INCOME_TOTAL,141166.6468229089,68820.4788879936,,,True,All applications in the portfolio
Lower-Intensity Credit Footprint,120294,356255,0.3376626292964309,AMT_CREDIT,279348.167701631,123638.03291857064,,,True,All applications in the portfolio
Lower-Intensity Credit Footprint,120294,356255,0.3376626292964309,AMT_ANNUITY,17462.26870417477,7799.2968510565715,,,True,All applications in the portfolio
Lower-Intensity Credit Footprint,120294,356255,0.3376626292964309,CREDIT_TO_INCOME,2.229317555396631,1.0749038194032747,,,True,All applications in the portfolio
Lower-Intensity Credit Footprint,120294,356255,0.3376626292964309,ANNUITY_TO_INCOME,0.13910867984085387,0.06553064995948521,,,True,All applications in the portfolio
Lower-Intensity Credit Footprint,120294,356255,0.3376626292964309,CREDIT_TO_ANNUITY,16.762096961490965,5.485750767857592,,,True,All applications in the portfolio
Lower-Intensity Credit Footprint,120294,356255,0.3376626292964309,YEARS_EMPLOYED,5.503570518518477,5.709547422837791,,,True,All applications in the portfolio
Lower-Intensity Credit Footprint,120294,356255,0.3376626292964309,FLAG_SENTINEL_EMPLOYED,0.19468967695811928,0.39596326850909197,0.0,0.8053103230418808,True,All applications in the portfolio
Lower-Intensity Credit Footprint,120294,356255,0.3376626292964309,NAME_CONTRACT_TYPE,0.8157347831147023,0.38770194257542956,1.0,0.8157347831147023,True,All applications in the portfolio
Lower-Intensity Credit Footprint,120294,356255,0.3376626292964309,OWN_CAR_AGE,3.8959299715696543,9.20527032276056,,,True,All applications in the portfolio
Lower-Intensity Credit Footprint,120294,356255,0.3376626292964309,FLAG_NO_CAR,0.6978153523866527,0.4592067500836429,1.0,0.6978153523866527,True,All applications in the portfolio
Lower-Intensity Credit Footprint,120294,356255,0.3376626292964309,FLAG_NO_HOUSING_DATA,0.4988278717143,0.5000007043622824,0.0,0.5011721282857,True,All applications in the portfolio
Lower-Intensity Credit Footprint,120294,356255,0.3376626292964309,EXT_SOURCE_1,0.4813141829027333,0.14373077340178572,,,True,All applications in the portfolio
Lower-Intensity Credit Footprint,120294,356255,0.3376626292964309,EXT_SOURCE_2,0.4888257957441731,0.19534627699607693,,,True,All applications in the portfolio
Lower-Intensity Credit Footprint,120294,356255,0.3376626292964309,EXT_SOURCE_3,0.5197548381318106,0.1700642956479996,,,True,All applications in the portfolio
Lower-Intensity Credit Footprint,120294,356255,0.3376626292964309,FLAG_EXT_SOURCE_1_MISSING,0.5547658237318569,0.49699372015815146,1.0,0.5547658237318569,True,All applications in the portfolio
Lower-Intensity Credit Footprint,120294,356255,0.3376626292964309,FLAG_EXT_SOURCE_2_MISSING,0.0029511031306632086,0.05424406493988707,0.0,0.9970488968693368,True,All applications in the portfolio
Lower-Intensity Credit Footprint,120294,356255,0.3376626292964309,FLAG_EXT_SOURCE_3_MISSING,0.24534058224017824,0.43029073902767934,0.0,0.7546594177598218,True,All applications in the portfolio
Lower-Intensity Credit Footprint,120294,356255,0.3376626292964309,AMT_REQ_CREDIT_BUREAU_YEAR,1.2427635626049511,1.2119447674306092,1.0,0.4085906196485278,True,All applications in the portfolio
Lower-Intensity Credit Footprint,120294,356255,0.3376626292964309,FLAG_NO_BUREAU,0.18606913062995661,0.38916406340293574,0.0,0.8139308693700434,True,All applications in the portfolio
Lower-Intensity Credit Footprint,120294,356255,0.3376626292964309,BUREAU_COUNT,3.8958302159708715,3.8963481411947085,,,True,All applications in the portfolio
Lower-Intensity Credit Footprint,120294,356255,0.3376626292964309,BUREAU_ACTIVE_RATIO,0.3477526558799596,0.3384256910181846,,,True,All applications in the portfolio
Lower-Intensity Credit Footprint,120294,356255,0.3376626292964309,BUREAU_DEBT_TO_CREDIT_RATIO,0.23449411942800713,0.29609281469555343,,,True,All applications in the portfolio
Lower-Intensity Credit Footprint,120294,356255,0.3376626292964309,BUREAU_DAYS_CREDIT_MEAN,-814.1838827271148,647.1220685611358,,,True,All applications in the portfolio
Lower-Intensity Credit Footprint,120294,356255,0.3376626292964309,BUREAU_BB_DPD_RATIO_MEAN,0.00505742783448232,0.02829926523816844,,,True,All applications in the portfolio
Lower-Intensity Credit Footprint,120294,356255,0.3376626292964309,BUREAU_BB_SEVERE_DPD_MEAN,0.00040869459618835744,0.011417918942590161,,,True,All applications in the portfolio
Lower-Intensity Credit Footprint,120294,356255,0.3376626292964309,PREV_COUNT,2.9909471794104445,2.1533626978175144,1.0,0.24467554491495835,True,All applications in the portfolio
Lower-Intensity Credit Footprint,120294,356255,0.3376626292964309,PREV_APPROVAL_RATE,0.7616975239961606,0.300320186798486,,,True,All applications in the portfolio
Lower-Intensity Credit Footprint,120294,356255,0.3376626292964309,PREV_REFUSED_COUNT,0.3092423562272433,0.6946390249587241,0.0,0.787420818993466,True,All applications in the portfolio
Lower-Intensity Credit Footprint,120294,356255,0.3376626292964309,INST_DPD_MEAN,0.4366541708125524,1.0821261348320184,,,True,All applications in the portfolio
Lower-Intensity Credit Footprint,120294,356255,0.3376626292964309,INST_DPD_MAX,4.542936472309508,12.465234583188039,,,True,All applications in the portfolio
Lower-Intensity Credit Footprint,120294,356255,0.3376626292964309,INST_COUNT,20.008271401732422,16.817508731026734,,,True,All applications in the portfolio
Lower-Intensity Credit Footprint,120294,356255,0.3376626292964309,INST_LATE_RATIO,0.06417277996819039,0.11341991120690288,,,True,All applications in the portfolio
Lower-Intensity Credit Footprint,120294,356255,0.3376626292964309,INST_SEVERE_LATE_RATIO,0.0009059289565128189,0.006351062763041318,,,True,All applications in the portfolio
Lower-Intensity Credit Footprint,120294,356255,0.3376626292964309,INST_PAYMENT_RATIO_MEAN,1.1792985470024395,18.710194489381475,,,True,All applications in the portfolio
Lower-Intensity Credit Footprint,120294,356255,0.3376626292964309,POS_SK_DPD_MEAN,1.0659460430604257,32.5335588081196,,,True,All applications in the portfolio
Lower-Intensity Credit Footprint,120294,356255,0.3376626292964309,POS_MONTHS_COUNT,20.01794769481437,15.867931867772167,,,True,All applications in the portfolio
Lower-Intensity Credit Footprint,120294,356255,0.3376626292964309,CC_UTILIZATION_MEAN,0.006613784678625368,0.04911107063119878,,,True,All applications in the portfolio
Lower-Intensity Credit Footprint,120294,356255,0.3376626292964309,CC_UTILIZATION_MAX,0.01861881133909301,0.11828352591569588,,,True,All applications in the portfolio
Lower-Intensity Credit Footprint,120294,356255,0.3376626292964309,CC_SK_DPD_MEAN,0.022899159069658465,1.686360980414209,,,True,All applications in the portfolio
Lower-Intensity Credit Footprint,120294,356255,0.3376626292964309,CC_AMT_BALANCE_MEAN,1040.7823630294463,7972.492333414044,,,True,All applications in the portfolio
Lower-Intensity Credit Footprint,120294,356255,0.3376626292964309,CC_MONTHS_COUNT,2.1617204515603436,8.939835539645431,,,True,All applications in the portfolio
Lower-Intensity Credit Footprint,120294,356255,0.3376626292964309,GOODS_TO_CREDIT,0.9126912878839121,0.12090978025264623,,,False,All applications in the portfolio
Lower-Intensity Credit Footprint,120294,356255,0.3376626292964309,YEARS_BIRTH,42.284978241664085,13.09733390576983,,,False,All applications in the portfolio
Lower-Intensity Credit Footprint,120294,356255,0.3376626292964309,CNT_CHILDREN,0.42401117262706367,0.7172525816618758,0.0,0.6902671787454071,False,All applications in the portfolio
Lower-Intensity Credit Footprint,120294,356255,0.3376626292964309,REGION_RATING_CLIENT_W_CITY,2.067152143914077,0.4850481965557508,2.0,0.760287296124495,False,All applications in the portfolio
Lower-Intensity Credit Footprint,120294,356255,0.3376626292964309,NAME_EDUCATION_TYPE,1.4732488735930305,0.8536777617997509,1.0,0.721041780969957,False,All applications in the portfolio
Lower-Intensity Credit Footprint,120294,356255,0.3376626292964309,NAME_INCOME_TYPE_FREQ,0.3650645075152891,0.16585164902815902,0.51453876,0.5401100636773238,False,All applications in the portfolio
Lower-Intensity Credit Footprint,120294,356255,0.3376626292964309,ORGANIZATION_TYPE_FREQ,0.14225403631779643,0.09660816569264616,0.27434,0.27187557151645136,False,All applications in the portfolio
Lower-Intensity Credit Footprint,120294,356255,0.3376626292964309,DEF_30_CNT_SOCIAL_CIRCLE_BIN,0.13428766189502386,0.39933270790728337,0.0,0.8873177382080569,False,All applications in the portfolio
Lower-Intensity Credit Footprint,120294,356255,0.3376626292964309,CODE_GENDER,0.6415365687399205,0.4795511562247835,1.0,0.6415365687399205,False,All applications in the portfolio
Lower-Intensity Credit Footprint,120294,356255,0.3376626292964309,SOURCE_EXT_SOURCE_1,0.4503625377992343,0.21135951213908233,,,False,All applications in the portfolio
Lower-Intensity Credit Footprint,120294,356255,0.3376626292964309,SOURCE_EXT_SOURCE_2,0.4886007789576051,0.19559130728379256,,,False,All applications in the portfolio
Lower-Intensity Credit Footprint,120294,356255,0.3376626292964309,SOURCE_EXT_SOURCE_3,0.5152922434497905,0.19555900527921305,,,False,All applications in the portfolio
Lower-Intensity Credit Footprint,120294,356255,0.3376626292964309,SOURCE_AMT_INCOME_TOTAL,142802.2254552596,345077.3484959755,,,False,All applications in the portfolio
Lower-Intensity Credit Footprint,120294,356255,0.3376626292964309,SOURCE_AMT_REQ_CREDIT_BUREAU_MON,0.14117911117761484,0.5960791977912068,0.0,0.9020981927610687,False,All applications in the portfolio
Lower-Intensity Credit Footprint,120294,356255,0.3376626292964309,SOURCE_AMT_REQ_CREDIT_BUREAU_QRT,0.22135767369943637,0.534415623582773,0.0,0.8274311270720069,False,All applications in the portfolio
Lower-Intensity Credit Footprint,120294,356255,0.3376626292964309,SOURCE_AMT_REQ_CREDIT_BUREAU_YEAR,1.242921508969691,1.2128901935622864,1.0,0.4085906196485278,False,All applications in the portfolio
Lower-Intensity Credit Footprint,120294,356255,0.3376626292964309,SOURCE_AMT_CREDIT,279348.167701631,123638.03291857064,,,False,All applications in the portfolio
Lower-Intensity Credit Footprint,120294,356255,0.3376626292964309,SOURCE_AMT_ANNUITY,17462.26870417477,7799.296851056572,,,False,All applications in the portfolio
Lower-Intensity Credit Footprint,120294,356255,0.3376626292964309,SOURCE_AMT_GOODS_PRICE,253045.7003217118,112781.84025619143,,,False,All applications in the portfolio
Repayment-Stress History,7622,356255,0.021394787441579768,AMT_INCOME_TOTAL,155316.5243938599,77143.78020394834,,,True,All applications in the portfolio
Repayment-Stress History,7622,356255,0.021394787441579768,AMT_CREDIT,567928.0550380477,368643.01444562874,,,True,All applications in the portfolio
Repayment-Stress History,7622,356255,0.021394787441579768,AMT_ANNUITY,26626.792836525845,13317.752312860299,,,True,All applications in the portfolio
Repayment-Stress History,7622,356255,0.021394787441579768,CREDIT_TO_INCOME,4.051520153269912,2.715670451154683,,,True,All applications in the portfolio
Repayment-Stress History,7622,356255,0.021394787441579768,ANNUITY_TO_INCOME,0.1911014131572965,0.09631345577076496,,,True,All applications in the portfolio
Repayment-Stress History,7622,356255,0.021394787441579768,CREDIT_TO_ANNUITY,21.014683673043148,7.8922600332267,,,True,All applications in the portfolio
Repayment-Stress History,7622,356255,0.021394787441579768,YEARS_EMPLOYED,7.010731041274958,6.703583715923205,,,True,All applications in the portfolio
Repayment-Stress History,7622,356255,0.021394787441579768,FLAG_SENTINEL_EMPLOYED,0.19706113880871162,0.39780498801664343,0.0,0.8029388611912883,True,All applications in the portfolio
Repayment-Stress History,7622,356255,0.021394787441579768,NAME_CONTRACT_TYPE,0.9535554972448176,0.2104595499200755,1.0,0.9535554972448176,True,All applications in the portfolio
Repayment-Stress History,7622,356255,0.021394787441579768,OWN_CAR_AGE,4.202309105221727,9.064220272208967,,,True,All applications in the portfolio
Repayment-Stress History,7622,356255,0.021394787441579768,FLAG_NO_CAR,0.6741012857517712,0.4687404068993301,1.0,0.6741012857517712,True,All applications in the portfolio
Repayment-Stress History,7622,356255,0.021394787441579768,FLAG_NO_HOUSING_DATA,0.5350301758068748,0.49880409968197065,1.0,0.5350301758068748,True,All applications in the portfolio
Repayment-Stress History,7622,356255,0.021394787441579768,EXT_SOURCE_1,0.5025459585457696,0.13287900050103113,,,True,All applications in the portfolio
Repayment-Stress History,7622,356255,0.021394787441579768,EXT_SOURCE_2,0.5001047922826758,0.19270854889866837,,,True,All applications in the portfolio
Repayment-Stress History,7622,356255,0.021394787441579768,EXT_SOURCE_3,0.5021210271026176,0.17882117253108565,,,True,All applications in the portfolio
Repayment-Stress History,7622,356255,0.021394787441579768,FLAG_EXT_SOURCE_1_MISSING,0.5787194961952243,0.49379675160581266,1.0,0.5787194961952243,True,All applications in the portfolio
Repayment-Stress History,7622,356255,0.021394787441579768,FLAG_EXT_SOURCE_2_MISSING,0.0019679874048806087,0.04432123818703701,0.0,0.9980320125951194,True,All applications in the portfolio
Repayment-Stress History,7622,356255,0.021394787441579768,FLAG_EXT_SOURCE_3_MISSING,0.20558908422986094,0.40415794341349226,0.0,0.7944109157701391,True,All applications in the portfolio
Repayment-Stress History,7622,356255,0.021394787441579768,AMT_REQ_CREDIT_BUREAU_YEAR,1.4797953293098924,1.5115523512354292,1.0,0.36814484387299923,True,All applications in the portfolio
Repayment-Stress History,7622,356255,0.021394787441579768,FLAG_NO_BUREAU,0.14694305956441878,0.3540723723866746,0.0,0.8530569404355812,True,All applications in the portfolio
Repayment-Stress History,7622,356255,0.021394787441579768,BUREAU_COUNT,4.775518236683285,4.400273632849769,,,True,All applications in the portfolio
Repayment-Stress History,7622,356255,0.021394787441579768,BUREAU_ACTIVE_RATIO,0.3417993105292361,0.3134934050417783,,,True,All applications in the portfolio
Repayment-Stress History,7622,356255,0.021394787441579768,BUREAU_DEBT_TO_CREDIT_RATIO,0.23308008427003848,0.28517402926679825,,,True,All applications in the portfolio
Repayment-Stress History,7622,356255,0.021394787441579768,BUREAU_DAYS_CREDIT_MEAN,-988.3328049078242,661.3586214000185,,,True,All applications in the portfolio
Repayment-Stress History,7622,356255,0.021394787441579768,BUREAU_BB_DPD_RATIO_MEAN,0.01731706954390619,0.0674158484497057,,,True,All applications in the portfolio
Repayment-Stress History,7622,356255,0.021394787441579768,BUREAU_BB_SEVERE_DPD_MEAN,0.005049812702213473,0.0382057813135823,,,True,All applications in the portfolio
Repayment-Stress History,7622,356255,0.021394787441579768,PREV_COUNT,4.286670165310942,3.3482360107646354,,,True,All applications in the portfolio
Repayment-Stress History,7622,356255,0.021394787441579768,PREV_APPROVAL_RATE,0.7344978617015798,0.27702504578664716,,,True,All applications in the portfolio
Repayment-Stress History,7622,356255,0.021394787441579768,PREV_REFUSED_COUNT,0.8504329572290737,1.6184984630201948,0.0,0.6116504854368932,True,All applications in the portfolio
Repayment-Stress History,7622,356255,0.021394787441579768,INST_DPD_MEAN,25.20005998966967,53.12505587678173,,,True,All applications in the portfolio
Repayment-Stress History,7622,356255,0.021394787441579768,INST_DPD_MAX,474.53739176069274,539.962340175389,,,True,All applications in the portfolio
Repayment-Stress History,7622,356255,0.021394787441579768,INST_COUNT,42.68604040934138,36.102108641368524,,,True,All applications in the portfolio
Repayment-Stress History,7622,356255,0.021394787441579768,INST_LATE_RATIO,0.2976694918099366,0.19376288156482835,,,True,All applications in the portfolio
Repayment-Stress History,7622,356255,0.021394787441579768,INST_SEVERE_LATE_RATIO,0.0753292991174371,0.06569172888793572,,,True,All applications in the portfolio
Repayment-Stress History,7622,356255,0.021394787441579768,INST_PAYMENT_RATIO_MEAN,1.9838662412667263,97.1562599168078,,,True,All applications in the portfolio
Repayment-Stress History,7622,356255,0.021394787441579768,POS_SK_DPD_MEAN,94.13692219561017,220.12658815182184,,,True,All applications in the portfolio
Repayment-Stress History,7622,356255,0.021394787441579768,POS_MONTHS_COUNT,41.930858042508525,28.663938726346647,,,True,All applications in the portfolio
Repayment-Stress History,7622,356255,0.021394787441579768,CC_UTILIZATION_MEAN,0.0590550877983429,0.16075982008876336,,,True,All applications in the portfolio
Repayment-Stress History,7622,356255,0.021394787441579768,CC_UTILIZATION_MAX,0.1700109657710788,0.37607901876114924,,,True,All applications in the portfolio
Repayment-Stress History,7622,356255,0.021394787441579768,CC_SK_DPD_MEAN,19.953025542589003,84.60698053360308,,,True,All applications in the portfolio
Repayment-Stress History,7622,356255,0.021394787441579768,CC_AMT_BALANCE_MEAN,9306.044164336634,36876.40103276929,,,True,All applications in the portfolio
Repayment-Stress History,7622,356255,0.021394787441579768,CC_MONTHS_COUNT,14.5527420624508,30.717207192384762,,,True,All applications in the portfolio
Repayment-Stress History,7622,356255,0.021394787441579768,GOODS_TO_CREDIT,0.8941898050305322,0.09780398121835247,,,False,All applications in the portfolio
Repayment-Stress History,7622,356255,0.021394787441579768,YEARS_BIRTH,44.986114096541016,11.34695654385924,,,False,All applications in the portfolio
Repayment-Stress History,7622,356255,0.021394787441579768,CNT_CHILDREN,0.4361060089215429,0.7406313448120417,0.0,0.6910259774337444,False,All applications in the portfolio
Repayment-Stress History,7622,356255,0.021394787441579768,REGION_RATING_CLIENT_W_CITY,2.046706901075833,0.47883594900190474,2.0,0.7685646811860404,False,All applications in the portfolio
Repayment-Stress History,7622,356255,0.021394787441579768,NAME_EDUCATION_TYPE,1.4096037785358173,0.8215073311660598,1.0,0.7562319601154552,False,All applications in the portfolio
Repayment-Stress History,7622,356255,0.021394787441579768,NAME_INCOME_TYPE_FREQ,0.3577163839259617,0.16813939710325274,0.51453876,0.5215166622933614,False,All applications in the portfolio
Repayment-Stress History,7622,356255,0.021394787441579768,ORGANIZATION_TYPE_FREQ,0.13786544528955652,0.0952078942311137,0.27434,0.24967200209918655,False,All applications in the portfolio
Repayment-Stress History,7622,356255,0.021394787441579768,DEF_30_CNT_SOCIAL_CIRCLE_BIN,0.15612700078719496,0.428025078311378,0.0,0.8695880346365783,False,All applications in the portfolio
Repayment-Stress History,7622,356255,0.021394787441579768,CODE_GENDER,0.6684597218577801,0.4707976236752769,1.0,0.6684597218577801,False,All applications in the portfolio
Repayment-Stress History,7622,356255,0.021394787441579768,SOURCE_EXT_SOURCE_1,0.4975884257316189,0.20463958663338178,,,False,All applications in the portfolio
Repayment-Stress History,7622,356255,0.021394787441579768,SOURCE_EXT_SOURCE_2,0.49997712496776936,0.19287700683316605,,,False,All applications in the portfolio
Repayment-Stress History,7622,356255,0.021394787441579768,SOURCE_EXT_SOURCE_3,0.4940050791737093,0.19983344869649683,,,False,All applications in the portfolio
Repayment-Stress History,7622,356255,0.021394787441579768,SOURCE_AMT_INCOME_TOTAL,156199.16674494883,82173.90038394433,,,False,All applications in the portfolio
Repayment-Stress History,7622,356255,0.021394787441579768,SOURCE_AMT_REQ_CREDIT_BUREAU_MON,0.1962739438467594,0.7934893002746419,0.0,0.8837575439517187,False,All applications in the portfolio
Repayment-Stress History,7622,356255,0.021394787441579768,SOURCE_AMT_REQ_CREDIT_BUREAU_QRT,0.22881133560745212,0.5608203720089248,0.0,0.8290474940960378,False,All applications in the portfolio
Repayment-Stress History,7622,356255,0.021394787441579768,SOURCE_AMT_REQ_CREDIT_BUREAU_YEAR,1.4825505116767252,1.5242938964318906,1.0,0.36814484387299923,False,All applications in the portfolio
Repayment-Stress History,7622,356255,0.021394787441579768,SOURCE_AMT_CREDIT,567928.0550380477,368643.01444562874,,,False,All applications in the portfolio
Repayment-Stress History,7622,356255,0.021394787441579768,SOURCE_AMT_ANNUITY,26626.792836525845,13317.752312860299,,,False,All applications in the portfolio
Repayment-Stress History,7622,356255,0.021394787441579768,SOURCE_AMT_GOODS_PRICE,507177.8360010496,337303.3751371261,,,False,All applications in the portfolio
DBSCAN sampled noise,493,30000,0.016433333333333335,AMT_INCOME_TOTAL,152556.15212981743,79865.67985332703,,,True,"30,000-application UMAP/DBSCAN sample; noise is a sampled density state, not a full-portfolio anomaly label"
DBSCAN sampled noise,493,30000,0.016433333333333335,AMT_CREDIT,629034.6815415821,385382.1241693199,,,True,"30,000-application UMAP/DBSCAN sample; noise is a sampled density state, not a full-portfolio anomaly label"
DBSCAN sampled noise,493,30000,0.016433333333333335,AMT_ANNUITY,28448.570993914807,14374.457909185927,,,True,"30,000-application UMAP/DBSCAN sample; noise is a sampled density state, not a full-portfolio anomaly label"
DBSCAN sampled noise,493,30000,0.016433333333333335,CREDIT_TO_INCOME,4.941800966375707,3.86497213482689,,,True,"30,000-application UMAP/DBSCAN sample; noise is a sampled density state, not a full-portfolio anomaly label"
DBSCAN sampled noise,493,30000,0.016433333333333335,ANNUITY_TO_INCOME,0.21529331642473903,0.11875569104722415,,,True,"30,000-application UMAP/DBSCAN sample; noise is a sampled density state, not a full-portfolio anomaly label"
DBSCAN sampled noise,493,30000,0.016433333333333335,CREDIT_TO_ANNUITY,21.97055483260184,8.499556776370804,,,True,"30,000-application UMAP/DBSCAN sample; noise is a sampled density state, not a full-portfolio anomaly label"
DBSCAN sampled noise,493,30000,0.016433333333333335,YEARS_EMPLOYED,5.833204605071409,5.522355657420387,,,True,"30,000-application UMAP/DBSCAN sample; noise is a sampled density state, not a full-portfolio anomaly label"
DBSCAN sampled noise,493,30000,0.016433333333333335,FLAG_SENTINEL_EMPLOYED,0.23732251521298176,0.4258737210257608,0.0,0.7626774847870182,True,"30,000-application UMAP/DBSCAN sample; noise is a sampled density state, not a full-portfolio anomaly label"
DBSCAN sampled noise,493,30000,0.016433333333333335,NAME_CONTRACT_TYPE,0.9614604462474645,0.1926903476530733,1.0,0.9614604462474645,True,"30,000-application UMAP/DBSCAN sample; noise is a sampled density state, not a full-portfolio anomaly label"
DBSCAN sampled noise,493,30000,0.016433333333333335,OWN_CAR_AGE,3.0973630831643004,7.316776381014565,,,True,"30,000-application UMAP/DBSCAN sample; noise is a sampled density state, not a full-portfolio anomaly label"
DBSCAN sampled noise,493,30000,0.016433333333333335,FLAG_NO_CAR,0.7484787018255578,0.43432818654887184,1.0,0.7484787018255578,True,"30,000-application UMAP/DBSCAN sample; noise is a sampled density state, not a full-portfolio anomaly label"
DBSCAN sampled noise,493,30000,0.016433333333333335,FLAG_NO_HOUSING_DATA,0.5415821501014199,0.4987740375097141,1.0,0.5415821501014199,True,"30,000-application UMAP/DBSCAN sample; noise is a sampled density state, not a full-portfolio anomaly label"
DBSCAN sampled noise,493,30000,0.016433333333333335,EXT_SOURCE_1,0.4833267210013511,0.14655601432718704,,,True,"30,000-application UMAP/DBSCAN sample; noise is a sampled density state, not a full-portfolio anomaly label"
DBSCAN sampled noise,493,30000,0.016433333333333335,EXT_SOURCE_2,0.441382411375649,0.21440140883708445,,,True,"30,000-application UMAP/DBSCAN sample; noise is a sampled density state, not a full-portfolio anomaly label"
DBSCAN sampled noise,493,30000,0.016433333333333335,EXT_SOURCE_3,0.5027541347454769,0.17023944284877504,,,True,"30,000-application UMAP/DBSCAN sample; noise is a sampled density state, not a full-portfolio anomaly label"
DBSCAN sampled noise,493,30000,0.016433333333333335,FLAG_EXT_SOURCE_1_MISSING,0.5720081135902637,0.49529024086717427,1.0,0.5720081135902637,True,"30,000-application UMAP/DBSCAN sample; noise is a sampled density state, not a full-portfolio anomaly label"
DBSCAN sampled noise,493,30000,0.016433333333333335,FLAG_EXT_SOURCE_2_MISSING,0.0,0.0,0.0,1.0,True,"30,000-application UMAP/DBSCAN sample; noise is a sampled density state, not a full-portfolio anomaly label"
DBSCAN sampled noise,493,30000,0.016433333333333335,FLAG_EXT_SOURCE_3_MISSING,0.1947261663286004,0.39639197985325125,0.0,0.8052738336713996,True,"30,000-application UMAP/DBSCAN sample; noise is a sampled density state, not a full-portfolio anomaly label"
DBSCAN sampled noise,493,30000,0.016433333333333335,AMT_REQ_CREDIT_BUREAU_YEAR,2.160243407707911,1.842553002398717,1.0,0.2961460446247465,True,"30,000-application UMAP/DBSCAN sample; noise is a sampled density state, not a full-portfolio anomaly label"
DBSCAN sampled noise,493,30000,0.016433333333333335,FLAG_NO_BUREAU,0.14198782961460446,0.3493921897962304,0.0,0.8580121703853956,True,"30,000-application UMAP/DBSCAN sample; noise is a sampled density state, not a full-portfolio anomaly label"
DBSCAN sampled noise,493,30000,0.016433333333333335,BUREAU_COUNT,4.0973630831643,5.035509390434567,,,True,"30,000-application UMAP/DBSCAN sample; noise is a sampled density state, not a full-portfolio anomaly label"
DBSCAN sampled noise,493,30000,0.016433333333333335,BUREAU_ACTIVE_RATIO,0.3235958912167718,0.35964435424288455,,,True,"30,000-application UMAP/DBSCAN sample; noise is a sampled density state, not a full-portfolio anomaly label"
DBSCAN sampled noise,493,30000,0.016433333333333335,BUREAU_DEBT_TO_CREDIT_RATIO,0.24775941717636943,0.32559739019934975,,,True,"30,000-application UMAP/DBSCAN sample; noise is a sampled density state, not a full-portfolio anomaly label"
DBSCAN sampled noise,493,30000,0.016433333333333335,BUREAU_DAYS_CREDIT_MEAN,-826.5918918913358,631.2345174751664,,,True,"30,000-application UMAP/DBSCAN sample; noise is a sampled density state, not a full-portfolio anomaly label"
DBSCAN sampled noise,493,30000,0.016433333333333335,BUREAU_BB_DPD_RATIO_MEAN,0.019479818003162584,0.059664131956767265,,,True,"30,000-application UMAP/DBSCAN sample; noise is a sampled density state, not a full-portfolio anomaly label"
DBSCAN sampled noise,493,30000,0.016433333333333335,BUREAU_BB_SEVERE_DPD_MEAN,0.004946788675000671,0.037259970332642715,0.0,0.9716024340770791,True,"30,000-application UMAP/DBSCAN sample; noise is a sampled density state, not a full-portfolio anomaly label"
DBSCAN sampled noise,493,30000,0.016433333333333335,PREV_COUNT,6.290060851926977,5.310581800643896,,,True,"30,000-application UMAP/DBSCAN sample; noise is a sampled density state, not a full-portfolio anomaly label"
DBSCAN sampled noise,493,30000,0.016433333333333335,PREV_APPROVAL_RATE,0.7161715587544162,0.27130405600350643,,,True,"30,000-application UMAP/DBSCAN sample; noise is a sampled density state, not a full-portfolio anomaly label"
DBSCAN sampled noise,493,30000,0.016433333333333335,PREV_REFUSED_COUNT,1.2373225152129816,2.1257391185759524,0.0,0.5821501014198783,True,"30,000-application UMAP/DBSCAN sample; noise is a sampled density state, not a full-portfolio anomaly label"
DBSCAN sampled noise,493,30000,0.016433333333333335,INST_DPD_MEAN,2.75780823614421,10.199074800877247,,,True,"30,000-application UMAP/DBSCAN sample; noise is a sampled density state, not a full-portfolio anomaly label"
DBSCAN sampled noise,493,30000,0.016433333333333335,INST_DPD_MAX,80.44827586206897,251.71223379151436,,,True,"30,000-application UMAP/DBSCAN sample; noise is a sampled density state, not a full-portfolio anomaly label"
DBSCAN sampled noise,493,30000,0.016433333333333335,INST_COUNT,57.782961460446245,52.924777437620676,,,True,"30,000-application UMAP/DBSCAN sample; noise is a sampled density state, not a full-portfolio anomaly label"
DBSCAN sampled noise,493,30000,0.016433333333333335,INST_LATE_RATIO,0.09207708098044584,0.11662129926670248,,,True,"30,000-application UMAP/DBSCAN sample; noise is a sampled density state, not a full-portfolio anomaly label"
DBSCAN sampled noise,493,30000,0.016433333333333335,INST_SEVERE_LATE_RATIO,0.0067952876225680315,0.019365492869851945,,,True,"30,000-application UMAP/DBSCAN sample; noise is a sampled density state, not a full-portfolio anomaly label"
DBSCAN sampled noise,493,30000,0.016433333333333335,INST_PAYMENT_RATIO_MEAN,1.1841646091816453,1.8233272538802037,,,True,"30,000-application UMAP/DBSCAN sample; noise is a sampled density state, not a full-portfolio anomaly label"
DBSCAN sampled noise,493,30000,0.016433333333333335,POS_SK_DPD_MEAN,14.394229586849036,87.45031184916279,,,True,"30,000-application UMAP/DBSCAN sample; noise is a sampled density state, not a full-portfolio anomaly label"
DBSCAN sampled noise,493,30000,0.016433333333333335,POS_MONTHS_COUNT,38.62068965517241,29.557992775589195,,,True,"30,000-application UMAP/DBSCAN sample; noise is a sampled density state, not a full-portfolio anomaly label"
DBSCAN sampled noise,493,30000,0.016433333333333335,CC_UTILIZATION_MEAN,0.1590166065044398,0.278843189808,,,True,"30,000-application UMAP/DBSCAN sample; noise is a sampled density state, not a full-portfolio anomaly label"
DBSCAN sampled noise,493,30000,0.016433333333333335,CC_UTILIZATION_MAX,0.3236553464991295,0.47678614205212666,,,True,"30,000-application UMAP/DBSCAN sample; noise is a sampled density state, not a full-portfolio anomaly label"
DBSCAN sampled noise,493,30000,0.016433333333333335,CC_SK_DPD_MEAN,0.048160586232815945,0.22269948535536704,,,True,"30,000-application UMAP/DBSCAN sample; noise is a sampled density state, not a full-portfolio anomaly label"
DBSCAN sampled noise,493,30000,0.016433333333333335,CC_AMT_BALANCE_MEAN,30956.34873350882,69540.94693301599,,,True,"30,000-application UMAP/DBSCAN sample; noise is a sampled density state, not a full-portfolio anomaly label"
DBSCAN sampled noise,493,30000,0.016433333333333335,CC_MONTHS_COUNT,17.448275862068964,27.66002703539066,,,True,"30,000-application UMAP/DBSCAN sample; noise is a sampled density state, not a full-portfolio anomaly label"
DBSCAN sampled noise,493,30000,0.016433333333333335,GOODS_TO_CREDIT,0.888113360236382,0.08821772919266359,,,False,"30,000-application UMAP/DBSCAN sample; noise is a sampled density state, not a full-portfolio anomaly label"
DBSCAN sampled noise,493,30000,0.016433333333333335,YEARS_BIRTH,44.1870238128317,12.30582219956447,,,False,"30,000-application UMAP/DBSCAN sample; noise is a sampled density state, not a full-portfolio anomaly label"
DBSCAN sampled noise,493,30000,0.016433333333333335,CNT_CHILDREN,0.4117647058823529,0.7481844756240279,0.0,0.7281947261663286,False,"30,000-application UMAP/DBSCAN sample; noise is a sampled density state, not a full-portfolio anomaly label"
DBSCAN sampled noise,493,30000,0.016433333333333335,REGION_RATING_CLIENT_W_CITY,2.0608519269776875,0.4900938233359937,2.0,0.7565922920892495,False,"30,000-application UMAP/DBSCAN sample; noise is a sampled density state, not a full-portfolio anomaly label"
DBSCAN sampled noise,493,30000,0.016433333333333335,NAME_EDUCATION_TYPE,1.3975659229208925,0.8090909773122549,1.0,0.7647058823529411,False,"30,000-application UMAP/DBSCAN sample; noise is a sampled density state, not a full-portfolio anomaly label"
DBSCAN sampled noise,493,30000,0.016433333333333335,NAME_INCOME_TYPE_FREQ,0.35729677767081136,0.1681186256292172,0.51453876,0.5212981744421906,False,"30,000-application UMAP/DBSCAN sample; noise is a sampled density state, not a full-portfolio anomaly label"
DBSCAN sampled noise,493,30000,0.016433333333333335,ORGANIZATION_TYPE_FREQ,0.14748898041582148,0.09286692776787099,0.27434,0.2616632860040568,False,"30,000-application UMAP/DBSCAN sample; noise is a sampled density state, not a full-portfolio anomaly label"
DBSCAN sampled noise,493,30000,0.016433333333333335,DEF_30_CNT_SOCIAL_CIRCLE_BIN,0.15415821501014199,0.4187767117053264,0.0,0.8681541582150102,False,"30,000-application UMAP/DBSCAN sample; noise is a sampled density state, not a full-portfolio anomaly label"
DBSCAN sampled noise,493,30000,0.016433333333333335,CODE_GENDER,0.6693711967545639,0.4709174255525187,1.0,0.6693711967545639,False,"30,000-application UMAP/DBSCAN sample; noise is a sampled density state, not a full-portfolio anomaly label"
DBSCAN sampled noise,493,30000,0.016433333333333335,SOURCE_EXT_SOURCE_1,0.4528171441268028,0.22064991690584035,,,False,"30,000-application UMAP/DBSCAN sample; noise is a sampled density state, not a full-portfolio anomaly label"
DBSCAN sampled noise,493,30000,0.016433333333333335,SOURCE_EXT_SOURCE_2,0.441382411375649,0.21440140883708445,,,False,"30,000-application UMAP/DBSCAN sample; noise is a sampled density state, not a full-portfolio anomaly label"
DBSCAN sampled noise,493,30000,0.016433333333333335,SOURCE_EXT_SOURCE_3,0.49532380844180934,0.1890053895114104,,,False,"30,000-application UMAP/DBSCAN sample; noise is a sampled density state, not a full-portfolio anomaly label"
DBSCAN sampled noise,493,30000,0.016433333333333335,SOURCE_AMT_INCOME_TOTAL,153633.23123732253,85253.56288124515,,,False,"30,000-application UMAP/DBSCAN sample; noise is a sampled density state, not a full-portfolio anomaly label"
DBSCAN sampled noise,493,30000,0.016433333333333335,SOURCE_AMT_REQ_CREDIT_BUREAU_MON,0.1744421906693712,0.6230628053050036,0.0,0.8782961460446247,False,"30,000-application UMAP/DBSCAN sample; noise is a sampled density state, not a full-portfolio anomaly label"
DBSCAN sampled noise,493,30000,0.016433333333333335,SOURCE_AMT_REQ_CREDIT_BUREAU_QRT,0.2718052738336714,0.6557718925150577,0.0,0.7971602434077079,False,"30,000-application UMAP/DBSCAN sample; noise is a sampled density state, not a full-portfolio anomaly label"
DBSCAN sampled noise,493,30000,0.016433333333333335,SOURCE_AMT_REQ_CREDIT_BUREAU_YEAR,2.1663286004056794,1.864495536934712,1.0,0.2961460446247465,False,"30,000-application UMAP/DBSCAN sample; noise is a sampled density state, not a full-portfolio anomaly label"
DBSCAN sampled noise,493,30000,0.016433333333333335,SOURCE_AMT_CREDIT,629034.6815415821,385382.1241693199,,,False,"30,000-application UMAP/DBSCAN sample; noise is a sampled density state, not a full-portfolio anomaly label"
DBSCAN sampled noise,493,30000,0.016433333333333335,SOURCE_AMT_ANNUITY,28448.570993914807,14374.457909185923,,,False,"30,000-application UMAP/DBSCAN sample; noise is a sampled density state, not a full-portfolio anomaly label"
DBSCAN sampled noise,493,30000,0.016433333333333335,SOURCE_AMT_GOODS_PRICE,556785.2373225152,343648.67768811225,,,False,"30,000-application UMAP/DBSCAN sample; noise is a sampled density state, not a full-portfolio anomaly label"
