consensus_at_least,single_axis_z_cutoff,consensus_records,single_axis_additions,total_queue,queue_share,vote_interpretation
2,8.0,9134,2083,11217,0.03148587388247182,Equal opportunity across five checks; detector flag prevalences and business meanings differ.
2,10.0,9134,1167,10301,0.028914681899201416,Equal opportunity across five checks; detector flag prevalences and business meanings differ.
2,12.0,9134,757,9891,0.027763820858654614,Equal opportunity across five checks; detector flag prevalences and business meanings differ.
3,8.0,3983,3978,7961,0.022346353033641634,Equal opportunity across five checks; detector flag prevalences and business meanings differ.
3,10.0,3983,2408,6391,0.017939397341791695,Equal opportunity across five checks; detector flag prevalences and business meanings differ.
3,12.0,3983,1622,5605,0.01573311251771905,Equal opportunity across five checks; detector flag prevalences and business meanings differ.
4,8.0,1540,5430,6970,0.01956463768929559,Equal opportunity across five checks; detector flag prevalences and business meanings differ.
4,10.0,1540,3441,4981,0.013981558153569775,Equal opportunity across five checks; detector flag prevalences and business meanings differ.
4,12.0,1540,2350,3890,0.010919144994456217,Equal opportunity across five checks; detector flag prevalences and business meanings differ.
